Workbook

Sheet 시간표
A1: =""&default!A1&"월 사회복무요원 근무계획" -> 월 사회복무요원 근무계획
A4: 연번 | B4: 성명 | AK4: 주 | AL4: 야 | AN4: 요청사항
AI6: =COUNTIF(C6:AH6,"휴") -> 0 | AK6: =COUNTIF(C6:AG6, "주") -> 0 | AL6: =COUNTIF(C6:AG6, "야") -> 0
AI7: =COUNTIF(C7:AH7,"휴") -> 0 | AK7: =COUNTIF(C7:AG7, "주") -> 0 | AL7: =COUNTIF(C7:AG7, "야") -> 0
AI8: =COUNTIF(B8:AH8,"휴") -> 0 | AK8: =COUNTIF(B8:AG8, "주") -> 0 | AL8: =COUNTIF(B8:AG8, "야") -> 0
AI9: =COUNTIF(C9:AH9,"휴") -> 0 | AK9: =COUNTIF(C9:AG9, "주") -> 0 | AL9: =COUNTIF(C9:AG9, "야") -> 0
AI10: =COUNTIF(C10:AH10,"휴") -> 0 | AK10: =COUNTIF(C10:AG10, "주") -> 0 | AL10: =COUNTIF(C10:AG10, "야") -> 0
AI11: =COUNTIF(C11:AH11,"휴") -> 0 | AK11: =COUNTIF(C11:AG11, "주") -> 0 | AL11: =COUNTIF(C11:AG11, "야") -> 0
AI12: =COUNTIF(B12:AH12,"휴") -> 0 | AK12: =COUNTIF(C12:AG12, "주") -> 0 | AL12: =COUNTIF(C12:AG12, "야") -> 0
AI13: =COUNTIF(B13:AH13,"휴") -> 0 | AK13: =COUNTIF(C13:AG13, "주") -> 0 | AL13: =COUNTIF(C13:AG13, "야") -> 0
AI14: =COUNTIF(B14:AH14,"휴") -> 0 | AK14: =COUNTIF(C14:AG14, "주") -> 0 | AL14: =COUNTIF(C14:AG14, "야") -> 0
AI15: =COUNTIF(C15:AH15,"휴") -> 0 | AK15: =COUNTIF(C15:AG15, "주") -> 0 | AL15: =COUNTIF(C15:AG15, "야") -> 0
AI16: =COUNTIF(C16:AH16,"휴") -> 0 | AK16: =COUNTIF(C16:AG16, "주") -> 0 | AL16: =COUNTIF(C16:AG16, "야") -> 0
AI17: =COUNTIF(C17:AH17,"휴") -> 0 | AK17: =COUNTIF(C17:AG17, "주") -> 0 | AL17: =COUNTIF(C17:AG17, "야") -> 0
AI18: =COUNTIF(B18:AH18,"휴") -> 0 | AK18: =COUNTIF(C18:AG18, "주") -> 0 | AL18: =COUNTIF(C18:AG18, "야") -> 0
AI19: =COUNTIF(B19:AH19,"휴") -> 0 | AK19: =COUNTIF(C19:AG19, "주") -> 0 | AL19: =COUNTIF(C19:AG19, "야") -> 0
AI20: =COUNTIF(B20:AH20,"휴") -> 0 | AK20: =COUNTIF(C20:AG20, "주") -> 0 | AL20: =COUNTIF(C20:AG20, "야") -> 0
AI21: =COUNTIF(B21:AH21,"휴") -> 0 | AK21: =COUNTIF(C21:AG21, "주") -> 0 | AL21: =COUNTIF(C21:AG21, "야") -> 0
B22: A조
B23: B조
B24: C조
B25: D조 | AI25: 1인 근무
B26: 주간조 | C26: =COUNTIF(C6:C21,"주") -> 0 | D26: =COUNTIF(D6:D21,"주") -> 0 | E26: =COUNTIF(E6:E21,"주") -> 0 | F26: =COUNTIF(F6:F21,"주") -> 0 | G26: =COUNTIF(G6:G21,"주") -> 0 | H26: =COUNTIF(H6:H21,"주") -> 0 | I26: =COUNTIF(I6:I21,"주") -> 0 | J26: =COUNTIF(J6:J21,"주") -> 0 | ... AF26: =COUNTIF(AF6:AF21,"주") -> 0 | AG26: =COUNTIF(AG6:AG11,"주") -> 0 | AI26: =COUNTIF(C26:AG26,"1") -> 0
B27: 야간조 | C27: =COUNTIF(C6:C21,"야") -> 0 | D27: =COUNTIF(D6:D21,"야") -> 0 | E27: =COUNTIF(E6:E21,"야") -> 0 | F27: =COUNTIF(F6:F21,"야") -> 0 | G27: =COUNTIF(G6:G21,"야") -> 0 | H27: =COUNTIF(H6:H21,"야") -> 0 | I27: =COUNTIF(I6:I21,"야") -> 0 | J27: =COUNTIF(J6:J21,"야") -> 0 | ... AG27: =COUNTIF(AG6:AG21,"야") -> 0 | AI27: =COUNTIF(C27:AG27,"1") -> 0
B29: ※ 역무팀장 지시사항 | AC29: 주 | AD29: 야
B30: 연가는 가급적 3일이전에 승인을 받고 사용해 주시기 바랍니다. | AB30: A조 | AC30: =dayGroupCount!A1 -> 0 | AD30: =nightGroupCount!A1 -> 0
B31: (연병가사용절차 : 해당일 동료요원 근무확인후 -> | AB31: B조 | AC31: =dayGroupCount!B1 -> 0 | AD31: =nightGroupCount!B1 -> 0
B32: ->당일 팀장님 승인을 득하고 -> 정규명과장 통보) | AB32: C조 | AC32: =dayGroupCount!C1 -> 0 | AD32: =nightGroupCount!C1 -> 0 | AN32: 휴무 정리
AB33: D조 | AC33: =dayGroupCount!D1 -> 0 | AD33: =nightGroupCount!D1 -> 0
AC34: =SUM(AC30:AC33) -> 0 | AD34: =SUM(AD30:AD33) -> 0
AN44: 453
D81: 이경

Sheet aloneCount

Sheet selectedDay

Sheet selectedNight

Sheet worker0
G1: 일 일 복 무 상 황 부
A2: ="2025년"&[1]default!A1&"월" -> 2025년2월
A3: 복무기관 | C3: 수도권서부본부 | F3: 복무분야 | H3: 재난안전관리 | K3: 복무형태 | M3: 주.야간 | O3: 근무지 | Q3: =[2]안양역사복스케쥴!B1 -> 안양역 | R3: 성명 | S3: 이름
A4: 날 짜 | R4: 총부여 연가 일수 : | T4: 29
A5: 요일
A6: 근무형태 | R6: 당월 사용연가 일수 :
A7: 본 인 | R7: 잔여 연가 일수 :
A8: 확인
A9: 날 짜 | R9: 총병가사용일수 :
A10: 요일 | R10: 당월병가사용일수 :
A11: 근무형태 | R11: 조퇴
A12: 본인 | R12: 지각
A13: 확인 | R13: 외출
A15: 근 무 상 황
A16: 종별(연/병가) | C16: 사 용 기 간(사용일수) | H16: 근 태 사 유 | O16: 결 재 | S16: 비 고
O17: 부역장 | Q17: 역 장

Sheet worker1
G1: 일 일 복 무 상 황 부
A2: ="2025년"&[1]default!A1&"월" -> 2025년2월
A3: 복무기관 | C3: 수도권서부본부 | F3: 복무분야 | H3: 재난안전관리 | K3: 복무형태 | M3: 주.야간 | O3: 근무지 | Q3: =[2]안양역사복스케쥴!B1 -> 안양역 | R3: 성명 | S3: 이름
A4: 날 짜 | R4: 총부여 연가 일수 : | T4: 29
A5: 요일
A6: 근무형태 | R6: 당월 사용연가 일수 :
A7: 본 인 | R7: 잔여 연가 일수 :
A8: 확인
A9: 날 짜 | R9: 총병가사용일수 :
A10: 요일 | R10: 당월병가사용일수 :
A11: 근무형태 | R11: 조퇴
A12: 본인 | R12: 지각
A13: 확인 | R13: 외출
A15: 근 무 상 황
A16: 종별(연/병가) | C16: 사 용 기 간(사용일수) | H16: 근 태 사 유 | O16: 결 재 | S16: 비 고
O17: 부역장 | Q17: 역 장

Sheet worker2
G1: 일 일 복 무 상 황 부
A2: ="2025년"&[1]default!A1&"월" -> 2025년2월
A3: 복무기관 | C3: 수도권서부본부 | F3: 복무분야 | H3: 재난안전관리 | K3: 복무형태 | M3: 주.야간 | O3: 근무지 | Q3: =[2]안양역사복스케쥴!B1 -> 안양역 | R3: 성명 | S3: 이름
A4: 날 짜 | R4: 총부여 연가 일수 : | T4: 29
A5: 요일
A6: 근무형태 | R6: 당월 사용연가 일수 :
A7: 본 인 | R7: 잔여 연가 일수 :
A8: 확인
A9: 날 짜 | R9: 총병가사용일수 :
A10: 요일 | R10: 당월병가사용일수 :
A11: 근무형태 | R11: 조퇴
A12: 본인 | R12: 지각
A13: 확인 | R13: 외출
A15: 근 무 상 황
A16: 종별(연/병가) | C16: 사 용 기 간(사용일수) | H16: 근 태 사 유 | O16: 결 재 | S16: 비 고
O17: 부역장 | Q17: 역 장

Sheet worker3
G1: 일 일 복 무 상 황 부
A2: ="2025년"&[1]default!A1&"월" -> 2025년2월
A3: 복무기관 | C3: 수도권서부본부 | F3: 복무분야 | H3: 재난안전관리 | K3: 복무형태 | M3: 주.야간 | O3: 근무지 | Q3: =[2]안양역사복스케쥴!B1 -> 안양역 | R3: 성명 | S3: 이름
A4: 날 짜 | R4: 총부여 연가 일수 : | T4: 29
A5: 요일
A6: 근무형태 | R6: 당월 사용연가 일수 :
A7: 본 인 | R7: 잔여 연가 일수 :
A8: 확인
A9: 날 짜 | R9: 총병가사용일수 :
A10: 요일 | R10: 당월병가사용일수 :
A11: 근무형태 | R11: 조퇴
A12: 본인 | R12: 지각
A13: 확인 | R13: 외출
A15: 근 무 상 황
A16: 종별(연/병가) | C16: 사 용 기 간(사용일수) | H16: 근 태 사 유 | O16: 결 재 | S16: 비 고
O17: 부역장 | Q17: 역 장

Sheet worker4
G1: 일 일 복 무 상 황 부
A2: ="2025년"&[1]default!A1&"월" -> 2025년2월
A3: 복무기관 | C3: 수도권서부본부 | F3: 복무분야 | H3: 재난안전관리 | K3: 복무형태 | M3: 주.야간 | O3: 근무지 | Q3: =[2]안양역사복스케쥴!B1 -> 안양역 | R3: 성명 | S3: 이름
A4: 날 짜 | R4: 총부여 연가 일수 : | T4: 29
A5: 요일
A6: 근무형태 | R6: 당월 사용연가 일수 :
A7: 본 인 | R7: 잔여 연가 일수 :
A8: 확인
A9: 날 짜 | R9: 총병가사용일수 :
A10: 요일 | R10: 당월병가사용일수 :
A11: 근무형태 | R11: 조퇴
A12: 본인 | R12: 지각
A13: 확인 | R13: 외출
A15: 근 무 상 황
A16: 종별(연/병가) | C16: 사 용 기 간(사용일수) | H16: 근 태 사 유 | O16: 결 재 | S16: 비 고
O17: 부역장 | Q17: 역 장

Sheet worker5
G1: 일 일 복 무 상 황 부
A2: ="2025년"&[1]default!A1&"월" -> 2025년2월
A3: 복무기관 | C3: 수도권서부본부 | F3: 복무분야 | H3: 재난안전관리 | K3: 복무형태 | M3: 주.야간 | O3: 근무지 | Q3: =[2]안양역사복스케쥴!B1 -> 안양역 | R3: 성명 | S3: 이름
A4: 날 짜 | R4: 총부여 연가 일수 : | T4: 29
A5: 요일
A6: 근무형태 | R6: 당월 사용연가 일수 :
A7: 본 인 | R7: 잔여 연가 일수 :
A8: 확인
A9: 날 짜 | R9: 총병가사용일수 :
A10: 요일 | R10: 당월병가사용일수 :
A11: 근무형태 | R11: 조퇴
A12: 본인 | R12: 지각
A13: 확인 | R13: 외출
A15: 근 무 상 황
A16: 종별(연/병가) | C16: 사 용 기 간(사용일수) | H16: 근 태 사 유 | O16: 결 재 | S16: 비 고
O17: 부역장 | Q17: 역 장

Sheet worker6
G1: 일 일 복 무 상 황 부
A2: ="2025년"&[1]default!A1&"월" -> 2025년2월
A3: 복무기관 | C3: 수도권서부본부 | F3: 복무분야 | H3: 재난안전관리 | K3: 복무형태 | M3: 주.야간 | O3: 근무지 | Q3: =[2]안양역사복스케쥴!B1 -> 안양역 | R3: 성명 | S3: 이름
A4: 날 짜 | R4: 총부여 연가 일수 : | T4: 29
A5: 요일
A6: 근무형태 | R6: 당월 사용연가 일수 :
A7: 본 인 | R7: 잔여 연가 일수 :
A8: 확인
A9: 날 짜 | R9: 총병가사용일수 :
A10: 요일 | R10: 당월병가사용일수 :
A11: 근무형태 | R11: 조퇴
A12: 본인 | R12: 지각
A13: 확인 | R13: 외출
A15: 근 무 상 황
A16: 종별(연/병가) | C16: 사 용 기 간(사용일수) | H16: 근 태 사 유 | O16: 결 재 | S16: 비 고
O17: 부역장 | Q17: 역 장

Sheet worker7
G1: 일 일 복 무 상 황 부
A2: ="2025년"&[1]default!A1&"월" -> 2025년2월
A3: 복무기관 | C3: 수도권서부본부 | F3: 복무분야 | H3: 재난안전관리 | K3: 복무형태 | M3: 주.야간 | O3: 근무지 | Q3: =[2]안양역사복스케쥴!B1 -> 안양역 | R3: 성명 | S3: 이름
A4: 날 짜 | R4: 총부여 연가 일수 : | T4: 29
A5: 요일
A6: 근무형태 | R6: 당월 사용연가 일수 :
A7: 본 인 | R7: 잔여 연가 일수 :
A8: 확인
A9: 날 짜 | R9: 총병가사용일수 :
A10: 요일 | R10: 당월병가사용일수 :
A11: 근무형태 | R11: 조퇴
A12: 본인 | R12: 지각
A13: 확인 | R13: 외출
A15: 근 무 상 황
A16: 종별(연/병가) | C16: 사 용 기 간(사용일수) | H16: 근 태 사 유 | O16: 결 재 | S16: 비 고
O17: 부역장 | Q17: 역 장

Sheet worker8
G1: 일 일 복 무 상 황 부
A2: ="2025년"&[1]default!A1&"월" -> 2025년2월
A3: 복무기관 | C3: 수도권서부본부 | F3: 복무분야 | H3: 재난안전관리 | K3: 복무형태 | M3: 주.야간 | O3: 근무지 | Q3: =[2]안양역사복스케쥴!B1 -> 안양역 | R3: 성명 | S3: 이름
A4: 날 짜 | R4: 총부여 연가 일수 : | T4: 29
A5: 요일
A6: 근무형태 | R6: 당월 사용연가 일수 :
A7: 본 인 | R7: 잔여 연가 일수 :
A8: 확인
A9: 날 짜 | R9: 총병가사용일수 :
A10: 요일 | R10: 당월병가사용일수 :
A11: 근무형태 | R11: 조퇴
A12: 본인 | R12: 지각
A13: 확인 | R13: 외출
A15: 근 무 상 황
A16: 종별(연/병가) | C16: 사 용 기 간(사용일수) | H16: 근 태 사 유 | O16: 결 재 | S16: 비 고
O17: 부역장 | Q17: 역 장

Sheet worker9
G1: 일 일 복 무 상 황 부
A2: ="2025년"&[1]default!A1&"월" -> 2025년2월
A3: 복무기관 | C3: 수도권서부본부 | F3: 복무분야 | H3: 재난안전관리 | K3: 복무형태 | M3: 주.야간 | O3: 근무지 | Q3: =[2]안양역사복스케쥴!B1 -> 안양역 | R3: 성명 | S3: 이름
A4: 날 짜 | R4: 총부여 연가 일수 : | T4: 29
A5: 요일
A6: 근무형태 | R6: 당월 사용연가 일수 :
A7: 본 인 | R7: 잔여 연가 일수 :
A8: 확인
A9: 날 짜 | R9: 총병가사용일수 :
A10: 요일 | R10: 당월병가사용일수 :
A11: 근무형태 | R11: 조퇴
A12: 본인 | R12: 지각
A13: 확인 | R13: 외출
A15: 근 무 상 황
A16: 종별(연/병가) | C16: 사 용 기 간(사용일수) | H16: 근 태 사 유 | O16: 결 재 | S16: 비 고
O17: 부역장 | Q17: 역 장

Sheet worker10
G1: 일 일 복 무 상 황 부
A2: ="2025년"&[1]default!A1&"월" -> 2025년2월
A3: 복무기관 | C3: 수도권서부본부 | F3: 복무분야 | H3: 재난안전관리 | K3: 복무형태 | M3: 주.야간 | O3: 근무지 | Q3: =[2]안양역사복스케쥴!B1 -> 안양역 | R3: 성명 | S3: 이름
A4: 날 짜 | R4: 총부여 연가 일수 : | T4: 29
A5: 요일
A6: 근무형태 | R6: 당월 사용연가 일수 :
A7: 본 인 | R7: 잔여 연가 일수 :
A8: 확인
A9: 날 짜 | R9: 총병가사용일수 :
A10: 요일 | R10: 당월병가사용일수 :
A11: 근무형태 | R11: 조퇴
A12: 본인 | R12: 지각
A13: 확인 | R13: 외출
A15: 근 무 상 황
A16: 종별(연/병가) | C16: 사 용 기 간(사용일수) | H16: 근 태 사 유 | O16: 결 재 | S16: 비 고
O17: 부역장 | Q17: 역 장

Sheet worker11
G1: 일 일 복 무 상 황 부
A2: ="2025년"&[1]default!A1&"월" -> 2025년2월
A3: 복무기관 | C3: 수도권서부본부 | F3: 복무분야 | H3: 재난안전관리 | K3: 복무형태 | M3: 주.야간 | O3: 근무지 | Q3: =[2]안양역사복스케쥴!B1 -> 안양역 | R3: 성명 | S3: 이름
A4: 날 짜 | R4: 총부여 연가 일수 : | T4: 29
A5: 요일
A6: 근무형태 | R6: 당월 사용연가 일수 :
A7: 본 인 | R7: 잔여 연가 일수 :
A8: 확인
A9: 날 짜 | R9: 총병가사용일수 :
A10: 요일 | R10: 당월병가사용일수 :
A11: 근무형태 | R11: 조퇴
A12: 본인 | R12: 지각
A13: 확인 | R13: 외출
A15: 근 무 상 황
A16: 종별(연/병가) | C16: 사 용 기 간(사용일수) | H16: 근 태 사 유 | O16: 결 재 | S16: 비 고
O17: 부역장 | Q17: 역 장

Sheet worker12
G1: 일 일 복 무 상 황 부
A2: ="2025년"&[1]default!A1&"월" -> 2025년2월
A3: 복무기관 | C3: 수도권서부본부 | F3: 복무분야 | H3: 재난안전관리 | K3: 복무형태 | M3: 주.야간 | O3: 근무지 | Q3: =[2]안양역사복스케쥴!B1 -> 안양역 | R3: 성명 | S3: 이름
A4: 날 짜 | R4: 총부여 연가 일수 : | T4: 29
A5: 요일
A6: 근무형태 | R6: 당월 사용연가 일수 :
A7: 본 인 | R7: 잔여 연가 일수 :
A8: 확인
A9: 날 짜 | R9: 총병가사용일수 :
A10: 요일 | R10: 당월병가사용일수 :
A11: 근무형태 | R11: 조퇴
A12: 본인 | R12: 지각
A13: 확인 | R13: 외출
A15: 근 무 상 황
A16: 종별(연/병가) | C16: 사 용 기 간(사용일수) | H16: 근 태 사 유 | O16: 결 재 | S16: 비 고
O17: 부역장 | Q17: 역 장

Sheet worker13
G1: 일 일 복 무 상 황 부
A2: ="2025년"&[1]default!A1&"월" -> 2025년2월
A3: 복무기관 | C3: 수도권서부본부 | F3: 복무분야 | H3: 재난안전관리 | K3: 복무형태 | M3: 주.야간 | O3: 근무지 | Q3: =[2]안양역사복스케쥴!B1 -> 안양역 | R3: 성명 | S3: 이름
A4: 날 짜 | R4: 총부여 연가 일수 : | T4: 29
A5: 요일
A6: 근무형태 | R6: 당월 사용연가 일수 :
A7: 본 인 | R7: 잔여 연가 일수 :
A8: 확인
A9: 날 짜 | R9: 총병가사용일수 :
A10: 요일 | R10: 당월병가사용일수 :
A11: 근무형태 | R11: 조퇴
A12: 본인 | R12: 지각
A13: 확인 | R13: 외출
A15: 근 무 상 황
A16: 종별(연/병가) | C16: 사 용 기 간(사용일수) | H16: 근 태 사 유 | O16: 결 재 | S16: 비 고
O17: 부역장 | Q17: 역 장

Sheet worker14
G1: 일 일 복 무 상 황 부
A2: ="2025년"&[1]default!A1&"월" -> 2025년2월
A3: 복무기관 | C3: 수도권서부본부 | F3: 복무분야 | H3: 재난안전관리 | K3: 복무형태 | M3: 주.야간 | O3: 근무지 | Q3: =[2]안양역사복스케쥴!B1 -> 안양역 | R3: 성명 | S3: 이름
A4: 날 짜 | R4: 총부여 연가 일수 : | T4: 29
A5: 요일
A6: 근무형태 | R6: 당월 사용연가 일수 :
A7: 본 인 | R7: 잔여 연가 일수 :
A8: 확인
A9: 날 짜 | R9: 총병가사용일수 :
A10: 요일 | R10: 당월병가사용일수 :
A11: 근무형태 | R11: 조퇴
A12: 본인 | R12: 지각
A13: 확인 | R13: 외출
A15: 근 무 상 황
A16: 종별(연/병가) | C16: 사 용 기 간(사용일수) | H16: 근 태 사 유 | O16: 결 재 | S16: 비 고
O17: 부역장 | Q17: 역 장

Sheet default

Sheet worker

Sheet schedule

Sheet nightWorkCount

Sheet groupCount

Sheet totalSchedule

Sheet dayWorkCount

Sheet dayGroupCount

Sheet nightGroupCount

Sheet base
